level,n_pr,accept_rate,median_turnaround_hours,p25_turnaround_hours,p75_turnaround_hours
0.0,2736,0.29641812865497075,1.4106944444444445,0.18138888888888888,52.869305555555556
1.0,3136,0.5752551020408163,9.684583333333332,0.96625,93.12284722222222
2.0,25412,0.8420824807177711,0.04680555555555556,0.005,1.8041666666666667
